failure,weight,vel,mean1k_max,std1k_max,max1k_max,mean512_max,std512_max,max512_max,mean256_max,std256_max,max256_max,mean128_max,std128_max,max128_max,mean64_max,std64_max,max64_max,mean32_max,std32_max,max32_max,mean16_max,std16_max,max16_max
0.00,40160.16,24.94,58.91,166.26,2978.29,37.73,64.66,1155.34,11.40,21.60,452.41,3.97,7.36,102.91,5.12,11.90,173.47,15.40,54.50,872.63,38.03,177.00,3582.70
0.00,40160.16,24.75,24.91,66.24,1744.77,24.32,39.78,835.52,9.78,17.80,281.61,4.57,7.10,109.82,7.45,19.20,251.08,13.77,47.80,745.00,21.24,90.40,1740.57
1.00,39.87,25.55,35.11,87.53,1543.34,34.06,57.09,963.32,11.44,22.70,378.17,7.45,13.50,176.81,20.55,60.50,860.35,44.15,138.00,1617.04,32.02,168.00,2800.06
1.00,40642.56,44.46,164.40,436.91,9264.41,180.00,284.88,4923.86,29.46,56.90,1221.42,39.68,107.00,1941.29,174.06,629.00,9073.53,583.86,2610.00,41943.45,584.83,2190.00,38533.40
1.00,4.10,45.86,206.48,585.35,11527.15,89.97,156.00,3157.42,17.55,32.10,527.69,29.99,76.20,1163.58,97.49,362.00,5671.71,415.21,1790.00,31499.61,453.88,1780.00,33460.17
0.00,3577.74,47.24,110.27,294.29,5366.12,156.20,251.00,4314.88,30.27,49.80,839.90,36.32,65.80,897.43,121.33,289.00,2966.12,164.76,405.00,3783.19,99.15,300.00,3596.83
1.00,5044.31,28.52,54.14,148.06,3612.80,49.52,87.74,1540.12,18.15,33.30,447.08,6.32,13.10,199.75,12.43,36.80,471.28,22.23,59.90,1316.65,36.86,159.00,2831.33
1.00,19209.96,27.39,63.06,168.06,2010.83,10.98,22.46,430.93,3.23,6.70,152.97,1.53,3.41,104.41,1.83,5.40,96.68,1.67,5.96,135.08,31.06,224.00,5517.45
0.00,318.58,47.45,38.40,101.44,1860.50,71.43,129.00,1992.71,18.62,37.00,601.18,10.29,22.40,495.69,28.57,110.00,2157.86,129.12,532.00,6431.88,45.23,180.00,6269.96
0.00,4876.86,44.56,29.18,76.25,1526.74,51.98,78.90,1207.08,15.08,26.50,458.86,10.37,19.90,276.98,22.48,52.20,607.90,43.41,152.00,2054.36,23.75,98.50,1801.18
1.00,16311.00,27.71,29.10,78.40,1500.47,29.28,50.21,909.76,10.78,20.90,426.42,6.08,8.98,98.76,10.12,18.90,205.72,23.12,68.50,1142.12,35.72,155.00,2528.53
0.00,8387.75,39.09,52.09,129.71,2442.31,54.85,81.18,1141.40,13.89,22.90,374.54,15.56,26.80,273.48,20.93,40.30,463.60,60.61,211.00,4003.47,74.07,278.00,4661.59
0.00,4549.04,27.98,12.44,33.55,681.29,17.14,29.05,540.48,10.11,20.20,289.98,1.59,2.84,51.99,1.20,3.34,54.87,2.77,8.75,166.69,7.92,32.80,612.24
1.00,40801.34,47.37,85.26,218.16,3837.12,136.46,230.14,3254.41,40.14,64.40,987.22,129.04,334.00,4600.13,399.97,1140.00,9970.07,332.90,1080.00,10456.20,108.52,405.00,8776.03
0.00,473.80,52.00,33.22,95.23,2061.94,89.95,156.56,2278.03,17.45,28.60,357.05,22.85,61.80,734.43,53.85,116.00,1084.28,119.71,356.00,4645.21,41.50,170.00,3759.11
0.00,19.31,49.15,68.64,187.74,4527.92,173.67,304.22,4201.80,16.11,33.80,569.56,10.90,24.10,377.56,24.05,53.30,803.13,70.64,251.00,3123.61,60.39,243.00,5375.82
1.00,19.31,41.35,149.87,397.60,8668.24,206.66,346.55,5976.74,44.70,95.60,2088.37,25.83,48.50,644.91,28.60,70.80,1213.03,178.59,561.00,8136.55,128.35,524.00,9385.37
1.00,8.43,61.04,529.39,1246.52,19667.82,622.70,1288.07,17906.01,98.10,149.00,2930.96,531.99,1030.00,13395.08,1346.82,2500.00,16753.23,754.23,1860.00,16091.24,472.98,1730.00,34321.81
0.00,8.43,61.04,461.35,1245.13,17783.06,72.35,126.35,2635.93,31.42,47.80,920.11,175.64,355.00,3800.69,548.93,1410.00,13973.52,384.18,1070.00,12395.47,428.35,2670.00,62267.02
0.00,8.43,88.59,266.33,679.12,9584.75,255.12,571.00,7581.02,20.94,38.40,912.05,31.94,66.70,960.19,63.89,132.00,2094.12,139.10,352.00,3139.08,190.50,1020.00,26446.43
0.00,20673.79,88.59,29.84,78.16,1528.10,61.88,130.29,1998.82,7.22,12.50,253.78,12.90,23.20,294.79,19.35,53.20,769.79,45.09,160.00,2764.17,33.44,130.00,2703.06
0.00,7670.88,62.72,191.16,465.89,6646.74,158.13,258.45,3679.66,89.77,148.00,1857.15,181.94,482.00,5517.18,706.75,1910.00,19015.70,525.62,1420.00,17855.32,150.94,442.00,9832.86
0.00,586.14,50.18,80.64,213.63,2301.80,21.00,36.83,580.04,15.39,20.20,252.37,16.94,35.10,569.44,189.77,571.00,7571.68,242.35,705.00,7712.53,100.93,646.00,16046.19
0.00,9396.14,50.18,158.74,396.08,5471.21,302.38,668.71,11418.08,40.57,70.40,1557.96,59.49,116.00,1908.97,187.80,579.00,9673.64,464.41,1010.00,9644.00,171.62,723.00,21957.86
0.00,931.00,79.87,109.05,274.81,3809.14,66.87,104.51,1554.35,63.23,99.70,1304.82,211.37,409.00,4424.62,975.79,2250.00,19734.18,568.44,1390.00,16577.39,213.78,919.00,14939.33
1.00,23182.69,79.87,195.75,508.00,8576.74,516.74,1027.93,13090.81,42.17,80.40,1348.55,106.65,332.00,5361.30,569.95,1760.00,19647.77,491.26,1910.00,21238.70,194.15,927.00,28088.14
0.00,37406.32,82.62,225.46,633.35,10523.26,226.58,443.15,5967.77,49.22,99.00,1683.65,89.81,226.00,3886.55,608.95,1880.00,17341.63,380.44,1060.00,9203.97,93.89,761.00,25624.46
0.00,20149.37,82.62,14.55,81.31,2122.19,119.05,248.13,3252.48,36.00,50.40,707.52,117.95,174.00,1448.00,276.27,636.00,6303.89,312.87,784.00,6408.29,86.61,249.00,5421.66
0.00,40000.00,69.95,114.58,296.43,4844.51,247.78,459.24,7760.87,67.74,109.00,1240.87,85.24,165.00,1896.12,107.31,194.00,1686.13,176.55,445.00,4063.22,80.60,270.00,5640.66
0.00,12841.30,82.74,56.85,154.43,2948.30,114.02,187.13,2405.67,14.10,22.00,304.77,28.79,64.10,926.18,83.50,207.00,3162.95,228.23,574.00,4579.97,73.88,339.00,6936.03
1.00,7172.47,59.24,21.25,56.67,1087.97,32.17,52.84,715.37,6.38,10.30,167.26,13.68,31.40,465.74,31.28,98.90,1706.60,92.51,316.00,3677.23,32.37,114.00,2548.19
0.00,3142.88,59.24,93.95,244.14,3187.93,110.59,230.78,3397.57,18.13,30.20,456.05,29.09,71.70,1002.51,73.87,252.00,5008.26,303.08,1230.00,13180.91,75.70,439.00,13176.78
0.00,36838.76,77.90,283.38,723.98,13313.71,252.94,328.73,4929.92,166.07,245.00,2354.97,562.80,1010.00,10949.52,828.53,2040.00,15632.38,317.21,895.00,11789.05,276.55,890.00,21540.92
0.00,25391.42,77.90,89.22,239.32,5221.03,83.03,133.96,2136.79,56.61,75.80,748.83,121.31,229.00,2256.23,452.18,945.00,10899.91,404.18,1010.00,11043.32,95.73,338.00,7112.00
0.00,551.03,57.49,176.94,559.23,10197.34,155.58,232.46,2703.85,161.56,265.00,2504.16,214.62,431.00,5256.24,603.28,1340.00,11737.85,181.35,621.00,8493.46,196.04,1160.00,26646.63
0.00,32400.00,55.27,234.07,579.92,10030.84,307.78,560.79,8696.72,123.27,209.00,2844.66,528.02,1310.00,13993.56,893.46,2370.00,18015.57,495.81,1520.00,18081.03,184.33,609.00,11028.99
0.00,467.95,55.27,17.23,47.47,963.92,26.12,27.77,303.69,26.70,30.10,210.12,33.65,68.20,1247.58,237.81,589.00,5745.17,168.29,492.00,5742.19,21.79,66.70,1149.77
0.00,32321.93,56.02,150.16,374.45,5729.08,159.81,282.71,5231.80,74.05,106.00,1421.38,215.18,318.00,3376.83,510.02,1030.00,7870.83,338.96,860.00,8397.66,127.21,436.00,8723.94
0.00,7606.66,56.02,108.91,265.37,4212.47,112.51,227.76,4035.79,38.13,58.40,704.71,140.00,238.00,2869.92,288.29,732.00,7522.50,308.55,743.00,7364.96,90.64,259.00,4074.73
1.00,9025.00,45.57,616.98,1685.76,29053.82,252.56,596.43,13498.77,114.26,187.00,2287.21,663.72,1140.00,11480.59,1081.34,2070.00,17201.42,909.89,2760.00,24369.57,547.48,1980.00,43238.78
0.00,6084.00,49.59,248.19,595.29,7260.19,125.98,245.72,5149.00,66.71,85.70,986.61,322.30,531.00,5396.43,926.11,1440.00,10054.11,300.75,522.00,4711.41,198.29,698.00,14802.63
0.00,6084.00,49.59,17.03,55.59,899.10,18.06,31.32,445.43,11.80,15.90,148.99,25.00,37.30,321.28,140.05,286.00,2670.76,193.70,395.00,3216.09,33.28,104.00,2034.61
0.00,20198.25,82.26,260.75,606.29,9918.87,285.31,622.80,10806.56,46.32,66.80,1002.12,140.94,239.00,2974.99,696.14,1540.00,15421.52,470.18,1210.00,14591.51,159.07,644.00,19570.08
0.00,461.26,62.39,53.93,137.63,2366.42,44.54,85.61,1137.09,8.00,11.20,133.06,8.71,15.50,286.41,57.16,105.00,1345.72,137.88,232.00,2517.58,52.05,191.00,5083.79
0.00,3994.52,62.39,59.92,181.88,4297.51,74.45,128.04,1908.10,25.52,38.40,638.65,50.52,79.30,623.49,149.15,367.00,4754.72,234.57,775.00,8722.89,70.00,242.00,4521.14
0.00,5632.98,91.02,336.15,836.59,12366.00,84.39,177.81,3226.34,35.41,52.70,929.24,66.11,90.90,1099.05,380.33,881.00,9871.80,388.10,758.00,8426.91,207.01,1570.00,46192.90
0.00,6340.00,91.02,75.86,201.66,4046.87,96.42,152.17,2288.01,15.97,27.40,348.61,52.74,159.00,2508.96,228.67,593.00,4499.35,215.87,743.00,7382.80,84.91,342.00,5993.27
1.00,45100.96,56.12,352.07,908.86,13121.61,259.37,495.62,8752.40,149.92,217.00,2496.93,468.88,835.00,7939.98,876.93,2510.00,27717.93,630.55,2140.00,22566.68,477.45,2410.00,46997.41
1.00,20.35,83.53,49.93,131.79,3436.05,82.61,136.91,2513.72,39.03,69.00,1277.92,10.92,23.00,335.61,39.48,155.00,2690.78,113.04,481.00,4984.33,47.79,228.00,4716.73
0.00,17183.55,64.19,136.76,363.26,7720.29,240.67,443.57,7736.30,53.42,80.10,1449.30,81.52,121.00,1032.73,162.37,356.00,5759.01,353.14,855.00,7650.75,137.88,446.00,6946.78
0.00,9233.37,64.19,178.32,469.79,9295.05,251.61,496.20,8518.66,82.14,131.00,1411.05,125.02,263.00,2899.76,304.53,730.00,6488.65,225.71,538.00,6309.46,148.22,594.00,13493.58
0.00,7167.27,58.43,34.24,86.51,1373.92,36.44,65.13,910.25,9.72,15.90,205.35,21.32,41.50,548.64,64.92,176.00,2449.93,116.92,305.00,3176.23,43.31,194.00,4311.88
0.00,3691.31,76.19,21.98,53.17,987.87,37.82,69.14,1141.66,16.75,42.30,732.43,2.46,5.92,143.68,2.04,4.54,88.87,4.60,15.30,320.44,12.08,53.40,1805.96
1.00,36380.81,74.81,496.55,1415.74,21989.84,125.10,272.70,6277.91,92.68,122.00,1916.01,448.16,999.00,11872.67,758.48,2050.00,16465.11,721.12,2910.00,68895.97,1076.83,6920.00,121082.81
1.00,40000.00,74.81,14.18,38.40,983.78,23.19,35.74,704.23,8.96,18.60,340.83,1.74,3.08,66.14,1.17,2.77,43.77,3.74,9.23,94.43,7.68,25.50,402.41
0.00,659.63,84.33,13.02,33.50,620.11,17.25,29.64,498.51,8.16,15.50,249.60,1.60,3.75,75.53,1.37,3.28,54.02,6.08,22.50,416.92,10.21,46.00,716.11
0.00,40642.56,76.58,18.99,49.60,1045.89,20.83,36.87,699.68,8.19,19.10,416.61,1.87,2.87,82.82,2.19,4.00,63.82,7.12,17.50,228.88,20.30,86.90,1633.59
0.00,8657.87,84.03,141.11,360.69,6342.38,216.28,378.48,4395.50,101.20,160.00,1741.01,194.41,370.00,4558.70,501.68,1590.00,14865.02,286.17,811.00,10232.70,76.29,413.00,10755.73
0.00,6744.32,84.03,10.63,24.70,414.70,13.04,21.22,315.96,7.46,11.90,149.75,20.17,28.10,148.86,53.36,183.00,2962.38,112.66,373.00,3660.57,9.73,30.20,654.67
1.00,21204.79,61.61,73.55,222.00,3164.00,134.70,257.12,3183.03,21.97,36.70,750.14,40.65,95.60,1375.36,111.53,320.00,3673.89,166.77,591.00,6309.83,109.07,587.00,12749.76
0.00,9447.84,89.53,175.70,441.45,8123.06,216.33,422.17,5602.23,47.24,76.90,1057.95,192.87,345.00,3491.61,421.34,973.00,8822.67,516.67,1220.00,9229.80,164.93,506.00,12039.95
0.00,9865.88,89.53,20.07,61.53,1308.67,59.73,105.55,1902.48,13.66,27.00,694.78,3.64,7.63,140.00,3.57,10.20,166.54,9.73,44.30,918.77,28.83,127.00,2180.53
0.00,3680.13,55.21,19.49,49.81,1215.87,26.55,43.59,863.30,11.74,25.00,427.70,2.13,3.63,66.56,1.46,2.68,41.44,3.80,11.10,159.28,10.37,40.70,880.20
0.00,11054.82,74.63,103.01,257.92,5873.93,134.40,213.35,2831.64,34.49,56.50,1139.71,36.14,55.30,746.04,129.71,263.00,2316.26,193.59,477.00,3964.67,77.83,291.00,4829.45
0.00,830.48,29.32,456.54,1116.90,14524.91,120.10,267.43,5321.70,28.17,55.20,1189.61,67.56,179.00,2577.40,236.51,816.00,10212.91,294.45,968.00,13510.52,395.41,2560.00,65153.76
0.00,4250.83,55.22,89.19,245.85,6634.07,114.58,256.68,4090.58,42.53,54.20,626.96,174.73,367.00,4818.18,672.48,1830.00,19442.35,498.30,1540.00,18728.73,123.52,397.00,7419.79
0.00,2005.08,62.37,14.17,42.80,863.26,22.67,44.87,669.39,3.24,6.27,126.32,4.63,9.98,153.89,17.57,50.10,918.92,67.39,187.00,1980.34,26.69,102.00,1736.15
0.00,8454.73,55.40,14.12,36.18,530.54,15.08,28.26,522.18,5.54,10.80,127.78,14.27,22.70,252.57,81.14,177.00,2211.84,198.22,443.00,4033.10,72.45,325.00,5559.18
1.00,32741.17,55.40,395.84,990.65,14146.58,193.85,379.10,6069.95,35.70,57.20,1051.00,149.53,410.00,5600.23,353.20,1110.00,9005.61,283.06,927.00,17213.27,568.82,3680.00,70152.22
0.00,8565.63,27.91,28.18,75.02,1372.79,31.00,53.77,784.05,7.69,13.00,258.55,5.56,10.70,172.12,17.63,54.80,1111.80,95.08,326.00,4022.79,43.33,177.00,3274.57
0.00,8647.98,87.63,19.28,54.55,1362.60,15.37,25.72,702.51,7.30,13.30,135.89,21.89,33.40,354.65,61.93,115.00,1316.52,160.81,360.00,4836.72,40.76,198.00,4487.45
1.00,4701.94,87.63,17.27,43.99,685.91,7.08,11.86,247.46,12.02,18.80,236.28,33.19,65.10,480.29,77.84,279.00,3907.49,125.66,380.00,4021.69,28.12,80.70,1422.57
0.00,10950.45,25.58,48.74,125.93,2209.57,59.09,108.19,1507.20,19.98,37.90,584.00,31.92,76.70,1010.06,81.83,161.00,2564.58,128.85,516.00,5554.32,44.45,170.00,3168.89
0.00,4264.16,25.65,66.72,173.14,3740.21,109.12,180.11,2643.49,18.38,29.20,455.30,36.21,53.40,576.02,83.37,183.00,1882.43,116.49,285.00,2267.46,58.18,170.00,1980.99
0.00,2477.31,27.49,143.46,378.71,5843.87,78.17,176.48,3749.84,37.19,63.30,944.23,58.20,145.00,2222.51,182.37,600.00,7275.17,187.87,610.00,7362.24,90.15,584.00,17178.64
0.00,9326.00,87.56,36.74,102.26,1809.98,48.05,86.99,1502.14,10.98,28.40,695.35,16.86,51.20,742.43,90.89,317.00,3806.06,90.22,331.00,3581.78,39.88,101.00,1455.66
0.00,8553.21,87.48,12.23,31.92,657.95,18.27,34.52,601.79,9.07,13.40,136.14,10.86,20.60,152.14,27.63,97.70,1609.29,114.52,345.00,3831.06,31.05,111.00,1926.02
0.00,8591.06,47.63,26.66,69.05,1134.91,23.84,39.10,616.45,4.58,7.66,152.60,9.70,23.80,388.43,52.92,216.00,3980.90,273.71,977.00,10497.84,65.51,337.00,7472.07
0.00,3343.37,55.39,170.15,412.94,5448.99,98.51,183.45,3291.74,50.85,83.00,900.20,69.87,164.00,2218.88,185.78,683.00,9229.60,201.70,690.00,8550.36,100.71,694.00,19875.91
0.00,609.55,25.44,31.49,95.09,1832.07,33.71,55.67,846.98,7.69,14.00,241.82,6.17,10.10,147.27,22.92,86.90,2357.31,1233.49,3160.00,21983.37,185.47,595.00,7141.57
1.00,17197.34,25.08,89.01,233.99,4163.90,123.47,268.64,4959.56,22.18,37.90,649.55,87.67,311.00,5508.97,751.20,2510.00,22530.06,495.74,2060.00,21845.03,140.56,666.00,15619.75
0.00,203.53,48.63,14.72,37.58,739.13,17.93,41.29,852.47,2.82,4.46,86.50,3.76,5.44,85.96,11.10,27.30,277.35,37.42,83.10,1352.24,33.62,130.00,2390.67
0.00,12121.71,72.40,131.27,359.46,6644.13,109.22,212.90,4206.20,43.14,66.30,805.69,110.01,189.00,2243.83,259.83,562.00,7407.82,376.12,1280.00,12864.08,108.37,381.00,7510.63
0.00,50086.44,74.29,18.75,49.14,928.48,21.78,36.07,442.70,6.18,8.13,99.67,6.78,11.80,178.55,43.60,138.00,2170.63,181.59,601.00,6393.89,39.73,147.00,2177.07
1.00,12463.37,74.29,76.17,193.78,3474.56,96.73,161.00,2117.70,52.19,72.70,957.48,107.31,211.00,3085.93,494.57,1090.00,9748.43,455.96,1020.00,8378.13,98.82,356.00,7294.68
0.00,20333.35,50.84,29.84,78.65,1278.65,57.69,111.00,1508.74,13.54,26.30,360.41,15.19,39.20,627.18,24.23,83.60,1557.91,119.28,484.00,5791.80,60.40,287.00,5122.71
0.00,8840.33,59.05,79.24,202.09,3731.05,167.85,253.12,3485.45,30.80,71.60,1391.69,24.15,66.10,1211.99,52.31,128.00,2038.56,144.14,430.00,5819.30,69.13,324.00,8974.42
0.00,6937.93,65.74,142.72,365.84,5686.22,95.48,223.96,3684.19,16.30,25.90,455.19,28.00,56.20,1022.13,177.41,440.00,5805.98,259.37,640.00,5979.82,114.93,744.00,21341.20
0.00,165.80,65.74,25.44,67.19,1533.06,34.52,54.38,719.05,10.40,15.70,248.42,8.30,8.93,130.69,10.25,18.70,237.22,21.39,82.30,2267.36,50.60,264.00,4796.59
0.00,186.87,45.94,142.87,358.51,5548.51,118.72,249.00,3311.81,30.09,53.50,810.30,78.84,131.00,1755.38,336.89,719.00,8685.72,448.89,1200.00,13611.31,191.13,1140.00,19848.39
0.00,171.10,64.49,32.59,92.29,2747.80,53.71,100.01,1383.46,13.89,29.40,528.31,7.28,19.70,343.19,8.44,26.50,372.57,19.94,94.40,1891.67,34.76,137.00,2818.01
0.00,7620.09,64.71,52.06,139.70,2885.43,82.74,134.39,2497.66,17.32,38.70,693.05,18.24,50.20,847.07,148.50,586.00,8729.05,232.54,833.00,8959.08,58.64,206.00,4094.87
0.00,3911.42,61.93,14.25,35.46,1088.44,13.21,20.36,332.67,3.28,5.05,85.18,3.58,6.01,64.82,6.66,14.80,141.16,14.45,48.70,763.00,13.15,46.20,757.41
0.00,50086.44,47.42,24.34,78.73,1762.08,20.75,37.88,540.61,11.63,24.40,377.81,4.52,11.80,248.96,5.90,20.50,270.93,9.08,43.60,772.76,19.15,147.00,3167.79
0.00,79.04,47.42,9.85,27.20,619.13,10.88,20.40,347.66,5.06,10.00,171.72,1.25,3.25,71.88,0.56,1.80,38.21,2.05,8.41,171.62,6.44,39.10,869.54
0.00,50086.44,76.44,26.11,70.67,1073.55,27.00,48.91,885.75,13.21,29.50,538.29,2.77,6.31,136.85,5.09,15.70,250.69,15.35,57.70,672.37,13.69,91.60,2834.26
0.00,1353.43,47.51,22.61,64.74,1254.65,24.14,40.48,742.07,6.12,10.40,279.66,4.27,7.32,159.14,11.93,35.00,552.73,41.79,168.00,2965.61,34.84,192.00,3595.56
0.00,5016.95,61.82,206.19,529.36,6555.05,114.41,244.98,4241.09,69.79,98.50,970.58,187.53,306.00,2727.63,323.36,642.00,5398.66,238.36,594.00,5806.91,122.98,581.00,15621.16
0.00,1649.45,54.61,217.06,547.37,8961.77,119.14,169.70,2056.15,106.13,170.00,1861.27,204.29,410.00,5365.28,525.05,1370.00,12440.07,427.02,1240.00,21256.19,311.51,1390.00,21535.68
0.00,3682.03,68.83,191.81,467.76,6839.92,142.11,223.82,3978.57,70.05,88.40,910.80,148.63,251.00,2497.54,211.09,384.00,3185.02,154.40,343.00,3064.16,128.06,374.00,7386.59
0.00,443.52,48.50,176.36,435.63,7951.34,137.02,273.24,5319.46,83.49,99.50,1181.39,241.21,308.00,2506.08,241.06,406.00,2627.76,72.03,134.00,1478.19,162.23,551.00,11283.38
0.00,3197.30,53.55,179.48,474.43,6213.19,27.90,44.96,734.30,57.94,114.00,1523.02,244.20,583.00,6462.64,554.97,1200.00,8928.11,429.32,953.00,17023.84,416.17,2660.00,47433.01
0.00,12637.95,58.30,314.11,872.97,12359.68,57.91,95.98,1825.03,43.46,83.10,1237.80,209.31,574.00,8230.46,523.55,1330.00,10761.10,250.95,622.00,9456.44,261.47,1390.00,32321.25
1.00,27822.24,61.65,707.98,1749.83,25653.07,387.64,794.16,11801.83,242.58,341.00,3675.70,505.58,957.00,11718.72,490.03,1010.00,9298.18,196.72,477.00,4937.12,435.19,1500.00,33146.85
1.00,110.47,48.53,322.82,885.06,18514.67,276.82,622.04,11553.61,168.96,223.00,2068.99,586.94,1150.00,13295.59,1383.17,3320.00,25747.58,517.83,1320.00,16751.75,326.62,1200.00,32062.71
0.00,16081.71,78.44,146.03,384.03,5625.01,137.58,245.21,4150.94,108.08,146.00,1338.03,150.65,255.00,3176.86,380.40,907.00,10540.05,337.45,982.00,9923.69,158.43,881.00,25855.12
1.00,8.43,49.10,316.55,787.75,11326.64,279.30,521.55,7769.20,194.32,331.00,3923.85,598.55,1470.00,16392.09,1289.40,3010.00,23168.82,407.11,1100.00,13869.54,356.21,1160.00,26007.33
0.00,28569.52,47.35,1135.41,3046.53,39110.58,319.42,542.20,8644.28,291.78,356.00,5145.30,1090.64,1490.00,14822.32,1308.88,3160.00,28827.33,957.75,2760.00,38871.05,863.25,3710.00,76698.23
0.00,3873.17,74.89,282.71,704.59,13194.19,194.88,333.84,5831.73,88.07,144.00,1929.80,308.69,515.00,5816.52,424.73,769.00,6381.98,303.44,679.00,7121.60,224.86,938.00,24072.80
0.00,20198.25,40.05,645.46,1633.58,21259.75,504.66,1065.41,18693.71,110.39,210.00,2740.42,588.16,1670.00,20490.33,1006.58,2980.00,25072.43,419.89,1140.00,13528.05,400.39,1750.00,41397.28
0.00,45100.96,72.19,147.03,370.39,5744.30,219.65,357.25,4552.16,63.12,109.00,1622.86,203.19,443.00,4676.33,438.28,1320.00,12907.65,272.55,851.00,11709.90,111.80,300.00,6550.25
1.00,23.40,39.53,810.47,2265.89,33136.47,283.79,448.40,8034.21,175.82,266.00,3797.29,965.21,1760.00,21924.75,2714.36,4720.00,32657.15,1021.21,2660.00,30564.71,850.54,3040.00,40327.67
0.00,1589.72,46.38,23.41,62.25,1437.00,30.76,52.55,987.16,15.61,31.70,613.02,5.41,9.30,136.51,10.75,24.60,309.71,44.96,145.00,1726.01,26.03,119.00,1700.75
0.00,1661.15,39.27,47.99,134.61,3437.26,66.48,110.91,2140.36,23.37,45.30,1286.32,9.07,17.40,342.03,35.22,129.00,1674.86,54.05,176.00,2390.87,39.74,161.00,2512.75
0.00,1713.14,20.61,30.98,90.61,2013.01,36.13,57.87,910.17,17.54,32.30,444.77,13.41,32.90,419.05,23.22,76.00,1105.79,83.74,443.00,7598.94,58.83,365.00,7739.54
0.00,149.19,21.22,76.37,199.34,3790.73,162.65,269.45,3694.28,29.06,51.70,832.42,21.00,36.60,579.62,41.30,100.00,2058.61,160.94,549.00,7459.23,93.52,425.00,7093.24
0.00,149.19,24.06,60.87,162.67,3131.58,125.47,193.43,2932.85,43.28,72.20,1028.61,30.61,57.20,757.56,75.23,147.00,1469.60,138.70,387.00,4173.35,44.22,161.00,3665.01
0.00,258.41,38.60,26.32,67.68,1399.98,36.99,58.70,902.26,12.95,20.70,344.46,5.49,9.82,140.32,8.01,17.30,195.65,29.22,82.60,1195.25,21.30,70.40,1263.55
0.00,19209.96,90.37,147.68,374.99,5590.41,289.74,481.79,7582.85,75.38,178.00,3237.15,52.61,132.00,2516.17,143.56,374.00,5234.65,186.50,509.00,5257.87,108.26,393.00,10769.93
0.00,19209.96,89.04,281.72,810.40,19196.80,342.53,567.10,8236.15,72.11,136.00,3200.60,77.96,140.00,2004.10,143.73,331.00,3404.07,155.77,466.00,4681.70,126.04,583.00,13581.06
0.00,4077.75,81.90,26.17,68.65,1448.73,39.57,60.72,986.34,8.51,15.30,319.25,5.10,8.76,116.04,16.10,40.50,687.67,61.36,167.00,1861.24,25.71,103.00,2234.33
0.00,19209.96,89.71,132.11,331.37,5549.03,229.88,381.93,5286.65,51.15,102.00,2415.38,65.20,111.00,1604.89,115.09,245.00,3212.36,219.32,727.00,8575.14,109.79,372.00,12039.73
0.00,11780.57,87.97,21.38,55.87,1098.49,26.53,49.19,929.47,7.83,13.30,213.88,2.89,5.29,74.49,2.07,3.80,51.10,2.32,7.95,165.31,9.91,63.00,1580.47
0.00,1495.27,88.37,4.87,12.62,232.96,6.49,10.06,164.60,2.79,4.53,60.05,1.08,1.85,27.51,0.46,0.85,12.11,0.63,1.98,34.37,2.18,9.84,202.15
0.00,16311.00,77.00,22.36,58.63,1108.89,28.95,46.33,712.97,7.36,15.30,381.36,3.12,7.03,277.10,2.17,4.80,70.36,5.40,15.80,230.92,14.60,75.30,1868.83
1.00,27741.50,76.65,52.11,138.34,2653.06,59.55,95.37,1735.54,19.27,40.20,730.16,19.36,51.50,764.26,34.52,114.00,1774.69,98.41,441.00,5617.58,36.43,182.00,4284.56
0.00,763.15,88.26,23.77,65.97,1375.14,15.52,24.56,378.51,5.01,8.22,154.92,8.03,17.00,184.47,19.84,63.40,1133.12,83.97,281.00,3389.96,54.75,172.00,2471.57
0.00,456.86,77.12,15.66,39.77,1078.19,16.93,27.74,517.39,7.22,8.45,89.62,17.43,42.00,486.41,57.24,128.00,1205.61,79.05,153.00,1481.76,39.43,120.00,1574.53
0.00,514.61,83.10,27.92,70.29,1267.17,24.34,51.52,1051.19,13.08,21.80,238.30,45.65,88.90,650.57,88.56,211.00,2667.48,148.27,305.00,2870.01,48.76,146.00,2199.10
0.00,19209.96,76.59,173.08,410.07,8197.36,409.08,780.04,12220.55,70.14,116.00,1631.51,120.52,226.00,2524.05,334.03,750.00,5837.98,274.37,712.00,5448.49,111.06,596.00,17131.19
1.00,19209.96,72.32,85.49,238.85,3857.27,121.69,245.96,4211.77,36.43,101.00,1515.91,56.13,113.00,1478.19,247.76,757.00,10652.50,497.72,1540.00,13776.02,152.61,497.00,7604.66
0.00,843.85,72.58,79.52,211.01,3761.85,108.86,184.97,3243.74,31.97,63.40,1262.49,9.72,18.10,313.27,17.98,48.20,946.51,47.53,158.00,1820.06,37.01,126.00,4046.06
0.00,832.85,85.66,79.43,198.21,4328.00,98.39,158.72,2780.39,26.23,53.00,976.98,9.77,22.00,483.76,15.28,31.00,365.30,51.25,181.00,2551.21,86.67,322.00,5796.85
1.00,12463.37,25.81,16.33,63.56,1287.51,100.79,200.05,2445.19,23.78,37.90,520.52,39.17,103.00,1425.99,240.91,904.00,13810.44,364.01,1320.00,13599.96,52.43,288.00,8865.84
0.00,19209.96,30.89,78.51,196.96,3805.32,113.38,180.16,3471.51,39.34,74.20,1354.82,28.58,60.90,788.67,52.64,149.00,2392.68,190.21,588.00,7035.42,82.38,334.00,6220.61
0.00,8840.33,38.31,247.07,613.12,9828.44,418.12,782.74,13559.32,44.21,77.70,1447.72,121.51,293.00,4788.92,780.83,2300.00,29446.48,901.01,2610.00,28709.89,309.49,1120.00,15642.53
0.00,186.87,38.76,79.21,204.80,6026.87,107.15,170.07,2326.44,22.26,45.70,1172.66,11.23,25.30,457.21,23.57,76.10,1392.46,93.63,393.00,5042.57,52.13,273.00,6830.96
0.00,19209.96,39.06,57.97,146.71,2791.78,143.54,260.54,3665.28,50.54,76.30,890.39,69.74,125.00,1379.77,149.72,290.00,2527.45,271.74,661.00,5344.87,68.93,245.00,5423.02
0.00,19209.96,34.19,180.71,457.25,8980.32,290.67,456.97,6467.29,56.22,129.00,2955.50,69.72,139.00,2161.57,276.60,840.00,12231.04,415.18,1460.00,14748.00,144.31,544.00,11856.13
0.00,3179.75,39.60,79.34,191.19,2561.34,114.03,213.31,2973.01,25.98,50.20,1268.40,25.98,44.20,504.72,60.31,144.00,1450.20,78.00,256.00,2937.61,45.06,193.00,8340.35
0.00,3682.03,40.36,246.98,603.97,8075.36,264.08,467.79,8011.96,231.57,272.00,2526.76,741.82,1280.00,11706.21,1763.75,3490.00,27267.98,939.80,2320.00,19766.18,270.47,941.00,16051.37
0.00,832.25,36.65,60.57,182.15,3403.69,43.06,84.64,1272.65,9.29,21.20,347.57,7.11,20.10,348.21,15.09,53.60,709.26,42.19,217.00,4378.16,58.10,333.00,5390.47
0.00,1033.84,41.01,137.42,403.01,7680.54,86.87,185.03,3656.79,44.89,68.10,685.29,89.20,173.00,2105.02,363.05,996.00,12627.61,307.79,1210.00,13440.02,96.69,364.00,8025.29
0.00,9564.84,13.69,381.71,958.18,13739.45,311.66,639.34,11177.01,181.62,230.00,1991.14,611.65,1220.00,13326.94,1460.44,2880.00,20653.15,500.59,1530.00,18289.02,245.87,1170.00,24529.62
0.00,6511.87,14.54,156.62,379.96,4868.67,204.30,332.29,4315.64,154.42,216.00,2058.12,235.41,443.00,5003.64,973.61,1860.00,13981.75,362.09,922.00,10317.76,108.57,445.00,12105.61
1.00,9564.84,15.78,482.91,1403.61,27197.44,398.61,800.70,15419.56,183.55,237.00,2501.47,335.61,498.00,4731.66,560.53,1070.00,8356.72,316.56,714.00,6212.32,278.18,1300.00,38045.06
0.00,9564.84,37.38,47.07,122.82,2076.43,93.28,156.36,2247.57,20.92,33.00,517.82,27.74,57.20,651.37,79.74,169.00,1399.16,107.87,455.00,9699.31,101.36,724.00,13794.46
0.00,843.85,45.29,41.81,118.36,2301.61,64.16,96.76,2611.42,24.10,52.80,1055.24,9.97,17.20,290.10,24.34,57.70,843.75,79.88,212.00,1717.96,55.04,382.00,8307.19